{"match_rate": 0.0, "rms_dist": NaN, "comp_valid": 0.9853, "struct_valid": 1.0, "valid": 0.9853, "comp_div": 11.87289378464082, "struct_div": 0.589064743080175, "wdist_density": 0.07612337716956222, "wdist_num_elems": 0.20595508586525763, "wdist_prop": 0.03485707794564876, "cov_recall": 0.9955085865257596, "cov_precision": 0.978, "amsd_recall": 0.04856292904575247, "amsd_precision": 0.059185676036623044, "amcd_recall": 0.7534509017900184, "amcd_precision": 1.287651497669196, "SR5": 0.96, "SR10": 1.0, "SR15": 1.0}